                  epoch,         train/box_loss,         train/cls_loss,         train/dfl_loss,   metrics/precision(B),      metrics/recall(B),       metrics/mAP50(B),    metrics/mAP50-95(B),           val/box_loss,           val/cls_loss,           val/dfl_loss,                 lr/pg0,                 lr/pg1,                 lr/pg2
                      1,                 1.8666,                 4.6946,                 1.7999,                0.02177,                0.38365,                0.06945,                0.04548,                 1.6506,                 4.1143,                  1.641,             7.8775e-05,             7.8775e-05,             7.8775e-05
                      2,                 1.6321,                 3.8599,                 1.5378,                 0.3598,                0.23242,                0.21833,                0.13305,                 1.7299,                 3.2534,                 1.7371,             0.00015498,             0.00015498,             0.00015498
                      3,                 1.6533,                 3.1712,                 1.5677,                0.37792,                0.37992,                0.36903,                0.22736,                 1.7037,                 2.6189,                 1.7806,             0.00022804,             0.00022804,             0.00022804
                      4,                 1.6423,                 2.6727,                 1.5507,                0.51098,                0.45192,                0.47322,                0.28771,                 1.6884,                 2.2435,                 1.6962,             0.00022386,             0.00022386,             0.00022386
                      5,                  1.606,                 2.3779,                 1.5231,                 0.5755,                0.54039,                0.54892,                0.32201,                 1.6777,                 2.1221,                 1.7291,             0.00021915,             0.00021915,             0.00021915
                      6,                 1.5745,                 2.1666,                    1.5,                0.55474,                0.58111,                0.58545,                0.34488,                 1.6627,                 1.8349,                 1.6647,             0.00021444,             0.00021444,             0.00021444
                      7,                 1.5605,                  2.021,                 1.4818,                0.60247,                0.64454,                0.62528,                0.37293,                 1.6074,                 1.8263,                 1.6296,             0.00020973,             0.00020973,             0.00020973
                      8,                 1.5409,                 1.9107,                 1.4675,                 0.6303,                0.64177,                0.64342,                0.37002,                  1.651,                 1.7332,                 1.6685,             0.00020501,             0.00020501,             0.00020501
                      9,                 1.5281,                 1.8385,                 1.4573,                0.64148,                0.66519,                0.66283,                0.38512,                 1.6076,                 1.5893,                 1.6391,              0.0002003,              0.0002003,              0.0002003
                     10,                 1.5196,                 1.7543,                 1.4482,                0.65598,                0.70937,                0.67543,                0.39052,                 1.6019,                 1.5519,                 1.6152,             0.00019559,             0.00019559,             0.00019559
                     11,                 1.5077,                 1.6989,                 1.4421,                0.66053,                0.69347,                 0.6873,                0.40288,                  1.596,                 1.5122,                 1.5947,             0.00019088,             0.00019088,             0.00019088
                     12,                  1.501,                 1.6621,                 1.4341,                0.64772,                0.67825,                0.67926,                0.39772,                 1.5997,                 1.4939,                 1.5866,             0.00018616,             0.00018616,             0.00018616
                     13,                 1.4949,                 1.6314,                 1.4324,                0.66884,                0.69107,                0.69282,                0.40868,                 1.5934,                  1.464,                 1.6228,             0.00018145,             0.00018145,             0.00018145
                     14,                 1.4686,                   1.57,                 1.4214,                0.65532,                0.70995,                0.69615,                0.40999,                 1.5874,                 1.4444,                 1.5842,             0.00017674,             0.00017674,             0.00017674
                     15,                 1.4797,                 1.5569,                 1.4174,                0.65098,                0.73533,                0.70731,                 0.4155,                 1.5731,                 1.4359,                 1.5771,             0.00017203,             0.00017203,             0.00017203
                     16,                 1.4749,                 1.5207,                 1.4098,                0.67058,                0.71073,                0.71554,                0.42061,                   1.59,                  1.364,                 1.5885,             0.00016731,             0.00016731,             0.00016731
                     17,                 1.4651,                  1.485,                 1.4084,                0.64266,                0.72824,                0.71895,                0.42919,                 1.5656,                 1.3721,                 1.5779,              0.0001626,              0.0001626,              0.0001626
                     18,                 1.4624,                 1.4624,                  1.406,                0.70681,                0.70623,                 0.7296,                0.42767,                 1.5715,                 1.3542,                 1.5613,             0.00015789,             0.00015789,             0.00015789
                     19,                 1.4577,                 1.4343,                 1.3919,                0.69491,                0.72284,                0.72385,                 0.4264,                 1.5716,                 1.3497,                 1.5659,             0.00015318,             0.00015318,             0.00015318
                     20,                 1.4463,                 1.4224,                 1.3916,                0.72534,                0.70673,                0.73413,                0.43215,                 1.5851,                 1.3292,                 1.5784,             0.00014846,             0.00014846,             0.00014846
                     21,                 1.4412,                 1.4002,                 1.3963,                0.70779,                0.74076,                0.74267,                 0.4337,                 1.5719,                 1.2976,                  1.575,             0.00014375,             0.00014375,             0.00014375
                     22,                 1.4367,                 1.3742,                 1.3844,                  0.703,                0.71209,                0.72435,                 0.4292,                 1.5678,                  1.319,                 1.5614,             0.00013904,             0.00013904,             0.00013904
                     23,                 1.4131,                 1.3613,                 1.3769,                0.70199,                0.72702,                0.74136,                0.43914,                 1.5789,                 1.2883,                 1.5745,             0.00013433,             0.00013433,             0.00013433
                     24,                  1.411,                 1.3345,                 1.3753,                0.69796,                0.73935,                0.74007,                0.43803,                 1.5659,                 1.2748,                 1.5592,             0.00012961,             0.00012961,             0.00012961
                     25,                 1.4156,                 1.3109,                 1.3658,                0.70552,                0.73939,                0.74071,                0.43811,                 1.5769,                 1.2948,                 1.5789,              0.0001249,              0.0001249,              0.0001249
                     26,                 1.4113,                 1.3015,                 1.3685,                0.72479,                0.73799,                0.74867,                0.44744,                 1.5609,                 1.2541,                 1.5606,             0.00012019,             0.00012019,             0.00012019
                     27,                 1.4072,                  1.297,                 1.3662,                0.70641,                0.74677,                0.74898,                0.44415,                 1.5725,                 1.2478,                 1.5592,             0.00011548,             0.00011548,             0.00011548
                     28,                 1.3873,                 1.2642,                 1.3578,                0.70185,                0.75851,                0.74489,                  0.445,                 1.5674,                  1.247,                 1.5641,             0.00011077,             0.00011077,             0.00011077
                     29,                 1.3944,                 1.2605,                 1.3591,                0.70807,                 0.7509,                0.75331,                0.44271,                 1.5672,                 1.2461,                 1.5544,             0.00010605,             0.00010605,             0.00010605
                     30,                  1.395,                  1.252,                 1.3583,                0.72352,                0.74844,                0.75379,                0.44555,                  1.579,                  1.232,                 1.5657,             0.00010134,             0.00010134,             0.00010134
                     31,                 1.3816,                 1.2267,                 1.3535,                0.71424,                0.73685,                0.74966,                0.44512,                 1.5732,                 1.2507,                 1.5555,             9.6628e-05,             9.6628e-05,             9.6628e-05
                     32,                 1.3854,                 1.2373,                 1.3574,                0.73431,                0.74244,                0.75784,                0.44895,                 1.5707,                 1.2161,                 1.5618,             9.1916e-05,             9.1916e-05,             9.1916e-05
                     33,                  1.361,                 1.2087,                 1.3423,                0.72826,                0.74967,                0.75557,                0.45022,                 1.5698,                 1.2208,                 1.5694,             8.7203e-05,             8.7203e-05,             8.7203e-05
                     34,                 1.3584,                  1.181,                 1.3354,                0.70661,                0.76078,                0.75992,                 0.4501,                 1.5714,                 1.2085,                 1.5684,             8.2491e-05,             8.2491e-05,             8.2491e-05
                     35,                 1.3689,                  1.197,                 1.3471,                0.71899,                0.75812,                0.75507,                0.44935,                 1.5798,                 1.2184,                 1.5724,             7.7778e-05,             7.7778e-05,             7.7778e-05
                     36,                 1.3602,                 1.1687,                 1.3412,                 0.7236,                0.75058,                0.75917,                 0.4519,                 1.5829,                 1.2038,                 1.5813,             7.3066e-05,             7.3066e-05,             7.3066e-05
                     37,                 1.3458,                 1.1679,                 1.3304,                0.71829,                0.75253,                0.75601,                0.44924,                 1.5735,                 1.2075,                 1.5678,             6.8354e-05,             6.8354e-05,             6.8354e-05
                     38,                  1.353,                 1.1579,                 1.3326,                0.71919,                 0.7476,                0.75522,                0.44198,                 1.5912,                 1.2168,                 1.5792,             6.3641e-05,             6.3641e-05,             6.3641e-05
                     39,                 1.3425,                 1.1521,                 1.3213,                0.71579,                0.76648,                 0.7613,                0.45211,                 1.5822,                 1.1857,                 1.5717,             5.8929e-05,             5.8929e-05,             5.8929e-05
                     40,                   1.35,                 1.1515,                 1.3277,                0.72478,                0.76286,                0.76127,                0.45254,                 1.5756,                 1.1928,                 1.5688,             5.4216e-05,             5.4216e-05,             5.4216e-05
                     41,                 1.3446,                 1.1451,                 1.3914,                0.71302,                0.75821,                0.75795,                0.44705,                 1.5884,                 1.2015,                 1.5805,             4.9504e-05,             4.9504e-05,             4.9504e-05
                     42,                 1.3265,                 1.0937,                 1.3842,                  0.753,                0.75105,                0.77144,                0.45154,                 1.5822,                  1.196,                 1.5768,             4.4792e-05,             4.4792e-05,             4.4792e-05
                     43,                 1.3157,                 1.0788,                 1.3782,                0.76282,                0.74327,                0.76771,                0.45133,                 1.5831,                 1.1977,                 1.5904,             4.0079e-05,             4.0079e-05,             4.0079e-05
                     44,                 1.3139,                  1.069,                 1.3853,                0.73464,                 0.7497,                 0.7634,                0.45258,                 1.5879,                 1.1953,                  1.582,             3.5367e-05,             3.5367e-05,             3.5367e-05
                     45,                 1.3016,                 1.0409,                 1.3655,                0.73608,                0.76158,                0.76519,                0.45086,                 1.5875,                 1.1862,                 1.5824,             3.0654e-05,             3.0654e-05,             3.0654e-05
                     46,                 1.2966,                 1.0383,                 1.3662,                0.74929,                0.75383,                0.76684,                0.44962,                  1.589,                 1.1773,                 1.5888,             2.5942e-05,             2.5942e-05,             2.5942e-05
                     47,                 1.2861,                 1.0293,                 1.3567,                0.74353,                0.75977,                0.76997,                0.45383,                 1.5915,                 1.1739,                 1.5901,              2.123e-05,              2.123e-05,              2.123e-05
                     48,                 1.2785,                 1.0183,                 1.3484,                0.75235,                0.75668,                0.76871,                 0.4541,                 1.5863,                 1.1691,                  1.589,             1.6517e-05,             1.6517e-05,             1.6517e-05
                     49,                 1.2771,                 1.0065,                 1.3588,                0.75528,                0.75531,                0.76999,                0.45376,                 1.5924,                 1.1705,                 1.5926,             1.1805e-05,             1.1805e-05,             1.1805e-05
                     50,                 1.2762,                 1.0049,                 1.3523,                0.75094,                0.75557,                0.77096,                0.45168,                 1.5965,                 1.1724,                 1.5964,             7.0924e-06,             7.0924e-06,             7.0924e-06
